{
  "size": 400,
  "meters_per_cell": 0.05,
  "robot_x": -2.4619320454070777,
  "robot_y": -0.5089035386544593,
  "robot_theta": -2.080379009246826
}